{"is_source_file": true, "format": "bash", "description": "A shell script automating database restore procedures for various database types including SQLite, PostgreSQL, MySQL, and MongoDB. It detects backup file presence and server availability before restoring accordingly.", "external_files": ["database_backup.db", "database_backup.sql", "database_backup.archive"], "external_methods": ["cp", "ls", "sudo", "pg_isready", "psql", "mysqladmin", "mysql", "mongosh", "mongorestore"], "published": [], "classes": [], "methods": [], "calls": ["cp", "ls", "sudo", "pg_isready", "psql", "mysqladmin", "mysql", "mongosh", "mongorestore"], "search-terms": ["restore_db.sh", "database restore", "SQLite", "PostgreSQL", "MySQL", "MongoDB", "backup detection", "database restore script"], "state": 2, "file_id": 7, "knowledge_revision": 14, "git_revision": "9f195250df47fc1e249faa7609c611b004ececc9", "hash": "d42c3e6cbc3bbd627e3c08afcf4183ec", "format-version": 4, "code-base-name": "database", "filename": "database/restore_db.sh", "revision_history": [{"14": "9f195250df47fc1e249faa7609c611b004ececc9"}]}