{"is_source_file": true, "format": "HTML", "description": "This is a complete HTML file serving as the frontend UI for a database visualizer application. It includes structured layout, styling, and embedded JavaScript for fetching and displaying database information, tables, and data, with interactive features for navigating databases and expanding cell content.", "external_files": [], "external_methods": [], "published": [], "classes": [], "methods": [], "calls": ["fetch", "refreshDatabases", "loadDatabases", "toggleDatabase", "loadTables", "loadTableData", "renderTable", "renderCell", "expandCell", "setActiveState", "showLoading", "showError", "showEmptyState"], "search-terms": ["Database Viewer", "HTML frontend for database visualization", "interactive table rendering", "fetch API database calls", "expand cell content", "dynamic database and table loading"], "state": 2, "file_id": 3, "knowledge_revision": 13, "git_revision": "9f195250df47fc1e249faa7609c611b004ececc9", "hash": "ee63333a4841bf025439c755a74c9881", "format-version": 4, "code-base-name": "database", "filename": "database/db_visualizer/public/index.html", "revision_history": [{"13": "9f195250df47fc1e249faa7609c611b004ececc9"}]}