{"is_source_file": true, "format": "bash", "description": "A universal database backup script for SQLite, PostgreSQL, MySQL, and MongoDB that detects the active database type and performs backup accordingly.", "external_files": ["/usr/lib/postgresql/", "/var/run/mysqld/mysqld.sock"], "external_methods": ["ls", "cp", "sudo -u postgres pg_isready", "ls", "mongosh --eval", "mongodump", "mysqladmin ping", "mysql", "mysqldump", "mysql --socket", "sudo mysql --socket", "sudo mysqldump --socket"], "published": [], "classes": [], "methods": [], "calls": ["ls", "cp", "sudo -u postgres pg_isready", "mongosh --eval", "mongodump", "mysqladmin ping", "mysql", "mysqldump", "mysql --socket", "sudo mysql --socket", "sudo mysqldump --socket"], "search-terms": ["backup_script", "database_backup", "SQLite", "PostgreSQL", "MySQL", "MongoDB", "database detection", "cross-database backup", "bash script"], "state": 2, "file_id": 9, "knowledge_revision": 16, "git_revision": "9f195250df47fc1e249faa7609c611b004ececc9", "hash": "d7da372b768c895a33088027314656c3", "format-version": 4, "code-base-name": "database", "filename": "database/backup_db.sh", "revision_history": [{"16": "9f195250df47fc1e249faa7609c611b004ececc9"}]}