{"is_source_file": false, "format": "", "description": "", "external_files": [], "external_methods": [], "published": [], "classes": [], "methods": [], "calls": [], "search-terms": ["simple-notes-app", "README.md", "project identifier"], "state": 2, "file_id": 1, "knowledge_revision": 12, "git_revision": "644d4769dad17975522eaf94fd97a6e56345c1b4", "hash": "4f64342abc7259c888ec2a1d3d78d275", "format-version": 4, "code-base-name": "database", "filename": "README.md", "revision_history": [{"12": "644d4769dad17975522eaf94fd97a6e56345c1b4"}]}